32,Vieni Qui
32_0,Vieni Qui
32_1,Vieni Qui
32_2,Vieni Qui
32_3,Vieni Qui
32_4,Vieni Qui
32_5,Vieni Qui
32_6,Vieni Qui
32_7,Vieni Qui
32_8,Vieni Qui
32_9,Vieni Qui
33,Vieni Qui
33_0,Vieni Qui
33_1,Vieni Qui
33_2,Vieni Qui
33_3,Vieni Qui
33_4,Vieni Qui
33_5,Vieni Qui
33_6,Vieni Qui
33_7,Vieni Qui
33_8,Vieni Qui
33_9,Vieni Qui
34,Vieni Qui
34_0,Vieni Qui
34_1,Vieni Qui
34_2,Vieni Qui
34_3,Vieni Qui
34_4,Vieni Qui
34_5,Vieni Qui
34_6,Vieni Qui
34_7,Vieni Qui
34_8,Vieni Qui
34_9,Vieni Qui
35,Vieni Qui
35_0,Vieni Qui
35_1,Vieni Qui
35_2,Vieni Qui
35_3,Vieni Qui
35_4,Vieni Qui
35_5,Vieni Qui
35_6,Vieni Qui
35_7,Vieni Qui
35_8,Vieni Qui
35_9,Vieni Qui
36,Vieni Qui
36_0,Vieni Qui
36_1,Vieni Qui
36_2,Vieni Qui
36_3,Vieni Qui
36_4,Vieni Qui
36_5,Vieni Qui
36_6,Vieni Qui
36_7,Vieni Qui
36_8,Vieni Qui
36_9,Vieni Qui
37,Vieni Qui
37_0,Vieni Qui
37_1,Vieni Qui
37_2,Vieni Qui
37_3,Vieni Qui
37_4,Vieni Qui
37_5,Vieni Qui
37_6,Vieni Qui
37_7,Vieni Qui
37_8,Vieni Qui
37_9,Vieni Qui
38,Vieni Qui
38_0,Vieni Qui
38_1,Vieni Qui
38_2,Vieni Qui
38_3,Vieni Qui
38_4,Vieni Qui
38_5,Vieni Qui
38_6,Vieni Qui
38_7,Vieni Qui
38_8,Vieni Qui
38_9,Vieni Qui
39,Vieni Qui
39_0,Vieni Qui
39_1,Vieni Qui
39_2,Vieni Qui
39_3,Vieni Qui
39_4,Vieni Qui
39_5,Vieni Qui
39_6,Vieni Qui
39_7,Vieni Qui
39_8,Vieni Qui
39_9,Vieni Qui
40,Vieni Qui
40_0,Vieni Qui
40_1,Vieni Qui
40_2,Vieni Qui
40_3,Vieni Qui
40_4,Vieni Qui
40_5,Vieni Qui
40_6,Vieni Qui
40_7,Vieni Qui
40_8,Vieni Qui
40_9,Vieni Qui
41,Vieni Qui
41_0,Vieni Qui
41_1,Vieni Qui
41_2,Vieni Qui
41_3,Vieni Qui
41_4,Vieni Qui
41_5,Vieni Qui
41_6,Vieni Qui
41_7,Vieni Qui
41_8,Vieni Qui
41_9,Vieni Qui
42,Vieni Qui
42_0,Vieni Qui
42_1,Vieni Qui
42_2,Vieni Qui
42_3,Vieni Qui
42_4,Vieni Qui
42_5,Vieni Qui
42_6,Vieni Qui
42_7,Vieni Qui
42_8,Vieni Qui
42_9,Vieni Qui
43,Vieni Qui
43_0,Vieni Qui
43_1,Vieni Qui
43_2,Vieni Qui
43_3,Vieni Qui
43_4,Vieni Qui
43_5,Vieni Qui
43_6,Vieni Qui
43_7,Vieni Qui
43_8,Vieni Qui
43_9,Vieni Qui
44,Vieni Qui
44_0,Vieni Qui
44_1,Vieni Qui
44_2,Vieni Qui
44_3,Vieni Qui
44_4,Vieni Qui
44_5,Vieni Qui
44_6,Vieni Qui
44_7,Vieni Qui
44_8,Vieni Qui
44_9,Vieni Qui
45,Vieni Qui
45_0,Vieni Qui
45_1,Vieni Qui
45_2,Vieni Qui
45_3,Vieni Qui
45_4,Vieni Qui
45_5,Vieni Qui
45_6,Vieni Qui
45_7,Vieni Qui
45_8,Vieni Qui
45_9,Vieni Qui
46,Vieni Qui
46_0,Vieni Qui
46_1,Vieni Qui
46_2,Vieni Qui
46_3,Vieni Qui
46_4,Vieni Qui
46_5,Vieni Qui
46_6,Vieni Qui
46_7,Vieni Qui
46_8,Vieni Qui
46_9,Vieni Qui
47,Vieni Qui
47_0,Vieni Qui
47_1,Vieni Qui
47_2,Vieni Qui
47_3,Vieni Qui
47_4,Vieni Qui
47_5,Vieni Qui
47_6,Vieni Qui
47_7,Vieni Qui
47_8,Vieni Qui
47_9,Vieni Qui
48,Vieni Qui
48_0,Vieni Qui
48_1,Vieni Qui
48_2,Vieni Qui
48_3,Vieni Qui
48_4,Vieni Qui
48_5,Vieni Qui
48_6,Vieni Qui
48_7,Vieni Qui
48_8,Vieni Qui
48_9,Vieni Qui
49,Vieni Qui
49_0,Vieni Qui
49_1,Vieni Qui
49_2,Vieni Qui
49_3,Vieni Qui
49_4,Vieni Qui
49_5,Vieni Qui
49_6,Vieni Qui
49_7,Vieni Qui
49_8,Vieni Qui
49_9,Vieni Qui
50,Vieni Qui
50_0,Vieni Qui
50_1,Vieni Qui
50_2,Vieni Qui
50_3,Vieni Qui
50_4,Vieni Qui
50_5,Vieni Qui
50_6,Vieni Qui
50_7,Vieni Qui
50_8,Vieni Qui
50_9,Vieni Qui
51,Vieni Qui
51_0,Vieni Qui
51_1,Vieni Qui
51_2,Vieni Qui
51_3,Vieni Qui
51_4,Vieni Qui
51_5,Vieni Qui
51_6,Vieni Qui
51_7,Vieni Qui
51_8,Vieni Qui
51_9,Vieni Qui
52,Vieni Qui
52_0,Vieni Qui
52_1,Vieni Qui
52_2,Vieni Qui
52_3,Vieni Qui
52_4,Vieni Qui
52_5,Vieni Qui
52_6,Vieni Qui
52_7,Vieni Qui
52_8,Vieni Qui
52_9,Vieni Qui
53,Vieni Qui
53_0,Vieni Qui
53_1,Vieni Qui
53_2,Vieni Qui
53_3,Vieni Qui
53_4,Vieni Qui
53_5,Vieni Qui
53_6,Vieni Qui
53_7,Vieni Qui
53_8,Vieni Qui
53_9,Vieni Qui
54,Vieni Qui
54_0,Vieni Qui
54_1,Vieni Qui
54_2,Vieni Qui
54_3,Vieni Qui
54_4,Vieni Qui
54_5,Vieni Qui
54_6,Vieni Qui
54_7,Vieni Qui
54_8,Vieni Qui
54_9,Vieni Qui
55,Vieni Qui
55_0,Vieni Qui
55_1,Vieni Qui
55_2,Vieni Qui
55_3,Vieni Qui
55_4,Vieni Qui
55_5,Vieni Qui
55_6,Vieni Qui
55_7,Vieni Qui
55_8,Vieni Qui
55_9,Vieni Qui
56,Vieni Qui
56_0,Vieni Qui
56_1,Vieni Qui
56_2,Vieni Qui
56_3,Vieni Qui
56_4,Vieni Qui
56_5,Vieni Qui
56_6,Vieni Qui
56_7,Vieni Qui
56_8,Vieni Qui
56_9,Vieni Qui
57,Vieni Qui
57_0,Vieni Qui
57_1,Vieni Qui
57_2,Vieni Qui
57_3,Vieni Qui
57_4,Vieni Qui
57_5,Vieni Qui
57_6,Vieni Qui
57_7,Vieni Qui
57_8,Vieni Qui
57_9,Vieni Qui
58,Vieni Qui
58_0,Vieni Qui
58_1,Vieni Qui
58_2,Vieni Qui
58_3,Vieni Qui
58_4,Vieni Qui
58_5,Vieni Qui
58_6,Vieni Qui
58_7,Vieni Qui
58_8,Vieni Qui
58_9,Vieni Qui
59,Vieni Qui
59_0,Vieni Qui
59_1,Vieni Qui
59_2,Vieni Qui
59_3,Vieni Qui
59_4,Vieni Qui
59_5,Vieni Qui
59_6,Vieni Qui
59_7,Vieni Qui
59_8,Vieni Qui
59_9,Vieni Qui
60,Vieni Qui
60_0,Vieni Qui
60_1,Vieni Qui
60_2,Vieni Qui
60_3,Vieni Qui
60_4,Vieni Qui
60_5,Vieni Qui
60_6,Vieni Qui
60_7,Vieni Qui
60_8,Vieni Qui
60_9,Vieni Qui
61,Vieni Qui
61_0,Vieni Qui
61_1,Vieni Qui
61_2,Vieni Qui
61_3,Vieni Qui
61_4,Vieni Qui
61_5,Vieni Qui
61_6,Vieni Qui
61_7,Vieni Qui
61_8,Vieni Qui
61_9,Vieni Qui
62,Vieni Qui
62_0,Vieni Qui
62_1,Vieni Qui
62_2,Vieni Qui
62_3,Vieni Qui
62_4,Vieni Qui
62_5,Vieni Qui
62_6,Vieni Qui
62_7,Vieni Qui
62_8,Vieni Qui
62_9,Vieni Qui
63,Perfetto
63_0,Perfetto
63_1,Perfetto
63_2,Perfetto
63_3,Perfetto
63_4,Perfetto
63_5,Perfetto
63_6,Perfetto
63_7,Perfetto
63_8,Perfetto
63_9,Perfetto
64,Perfetto
64_0,Perfetto
64_1,Perfetto
64_2,Perfetto
64_3,Perfetto
64_4,Perfetto
64_5,Perfetto
64_6,Perfetto
64_7,Perfetto
64_8,Perfetto
64_9,Perfetto
65,Perfetto
65_0,Perfetto
65_1,Perfetto
65_2,Perfetto
65_3,Perfetto
65_4,Perfetto
65_5,Perfetto
65_6,Perfetto
65_7,Perfetto
65_8,Perfetto
65_9,Perfetto
66,Perfetto
66_0,Perfetto
66_1,Perfetto
66_2,Perfetto
66_3,Perfetto
66_4,Perfetto
66_5,Perfetto
66_6,Perfetto
66_7,Perfetto
66_8,Perfetto
66_9,Perfetto
67,Perfetto
67_0,Perfetto
67_1,Perfetto
67_2,Perfetto
67_3,Perfetto
67_4,Perfetto
67_5,Perfetto
67_6,Perfetto
67_7,Perfetto
67_8,Perfetto
67_9,Perfetto
68,Perfetto
68_0,Perfetto
68_1,Perfetto
68_2,Perfetto
68_3,Perfetto
68_4,Perfetto
68_5,Perfetto
68_6,Perfetto
68_7,Perfetto
68_8,Perfetto
68_9,Perfetto
69,Perfetto
69_0,Perfetto
69_1,Perfetto
69_2,Perfetto
69_3,Perfetto
69_4,Perfetto
69_5,Perfetto
69_6,Perfetto
69_7,Perfetto
69_8,Perfetto
69_9,Perfetto
70,Perfetto
70_0,Perfetto
70_1,Perfetto
70_2,Perfetto
70_3,Perfetto
70_4,Perfetto
70_5,Perfetto
70_6,Perfetto
70_7,Perfetto
70_8,Perfetto
70_9,Perfetto
71,Perfetto
71_0,Perfetto
71_1,Perfetto
71_2,Perfetto
71_3,Perfetto
71_4,Perfetto
71_5,Perfetto
71_6,Perfetto
71_7,Perfetto
71_8,Perfetto
71_9,Perfetto
72,Perfetto
72_0,Perfetto
72_1,Perfetto
72_2,Perfetto
72_3,Perfetto
72_4,Perfetto
72_5,Perfetto
72_6,Perfetto
72_7,Perfetto
72_8,Perfetto
72_9,Perfetto
73,Perfetto
73_0,Perfetto
73_1,Perfetto
73_2,Perfetto
73_3,Perfetto
73_4,Perfetto
73_5,Perfetto
73_6,Perfetto
73_7,Perfetto
73_8,Perfetto
73_9,Perfetto
74,Perfetto
74_0,Perfetto
74_1,Perfetto
74_2,Perfetto
74_3,Perfetto
74_4,Perfetto
74_5,Perfetto
74_6,Perfetto
74_7,Perfetto
74_8,Perfetto
74_9,Perfetto
75,Perfetto
75_0,Perfetto
75_1,Perfetto
75_2,Perfetto
75_3,Perfetto
75_4,Perfetto
75_5,Perfetto
75_6,Perfetto
75_7,Perfetto
75_8,Perfetto
75_9,Perfetto
76,Perfetto
76_0,Perfetto
76_1,Perfetto
76_2,Perfetto
76_3,Perfetto
76_4,Perfetto
76_5,Perfetto
76_6,Perfetto
76_7,Perfetto
76_8,Perfetto
76_9,Perfetto
77,Perfetto
77_0,Perfetto
77_1,Perfetto
77_2,Perfetto
77_3,Perfetto
77_4,Perfetto
77_5,Perfetto
77_6,Perfetto
77_7,Perfetto
77_8,Perfetto
77_9,Perfetto
78,Perfetto
78_0,Perfetto
78_1,Perfetto
78_2,Perfetto
78_3,Perfetto
78_4,Perfetto
78_5,Perfetto
78_6,Perfetto
78_7,Perfetto
78_8,Perfetto
78_9,Perfetto
79,Perfetto
79_0,Perfetto
79_1,Perfetto
79_2,Perfetto
79_3,Perfetto
79_4,Perfetto
79_5,Perfetto
79_6,Perfetto
79_7,Perfetto
79_8,Perfetto
79_9,Perfetto
80,Perfetto
80_0,Perfetto
80_1,Perfetto
80_2,Perfetto
80_3,Perfetto
80_4,Perfetto
80_5,Perfetto
80_6,Perfetto
80_7,Perfetto
80_8,Perfetto
80_9,Perfetto
81,Perfetto
81_0,Perfetto
81_1,Perfetto
81_2,Perfetto
81_3,Perfetto
81_4,Perfetto
81_5,Perfetto
81_6,Perfetto
81_7,Perfetto
81_8,Perfetto
81_9,Perfetto
82,Perfetto
82_0,Perfetto
82_1,Perfetto
82_2,Perfetto
82_3,Perfetto
82_4,Perfetto
82_5,Perfetto
82_6,Perfetto
82_7,Perfetto
82_8,Perfetto
82_9,Perfetto
83,Perfetto
83_0,Perfetto
83_1,Perfetto
83_2,Perfetto
83_3,Perfetto
83_4,Perfetto
83_5,Perfetto
83_6,Perfetto
83_7,Perfetto
83_8,Perfetto
83_9,Perfetto
84,Perfetto
84_0,Perfetto
84_1,Perfetto
84_2,Perfetto
84_3,Perfetto
84_4,Perfetto
84_5,Perfetto
84_6,Perfetto
84_7,Perfetto
84_8,Perfetto
84_9,Perfetto
85,Perfetto
85_0,Perfetto
85_1,Perfetto
85_2,Perfetto
85_3,Perfetto
85_4,Perfetto
85_5,Perfetto
85_6,Perfetto
85_7,Perfetto
85_8,Perfetto
85_9,Perfetto
86,Perfetto
86_0,Perfetto
86_1,Perfetto
86_2,Perfetto
86_3,Perfetto
86_4,Perfetto
86_5,Perfetto
86_6,Perfetto
86_7,Perfetto
86_8,Perfetto
86_9,Perfetto
87,Perfetto
87_0,Perfetto
87_1,Perfetto
87_2,Perfetto
87_3,Perfetto
87_4,Perfetto
87_5,Perfetto
87_6,Perfetto
87_7,Perfetto
87_8,Perfetto
87_9,Perfetto
88,Perfetto
88_0,Perfetto
88_1,Perfetto
88_2,Perfetto
88_3,Perfetto
88_4,Perfetto
88_5,Perfetto
88_6,Perfetto
88_7,Perfetto
88_8,Perfetto
88_9,Perfetto
89,Perfetto
89_0,Perfetto
89_1,Perfetto
89_2,Perfetto
89_3,Perfetto
89_4,Perfetto
89_5,Perfetto
89_6,Perfetto
89_7,Perfetto
89_8,Perfetto
89_9,Perfetto
90,Perfetto
90_0,Perfetto
90_1,Perfetto
90_2,Perfetto
90_3,Perfetto
90_4,Perfetto
90_5,Perfetto
90_6,Perfetto
90_7,Perfetto
90_8,Perfetto
90_9,Perfetto
91,Perfetto
91_0,Perfetto
91_1,Perfetto
91_2,Perfetto
91_3,Perfetto
91_4,Perfetto
91_5,Perfetto
91_6,Perfetto
91_7,Perfetto
91_8,Perfetto
91_9,Perfetto
92,Perfetto
92_0,Perfetto
92_1,Perfetto
92_2,Perfetto
92_3,Perfetto
92_4,Perfetto
92_5,Perfetto
92_6,Perfetto
92_7,Perfetto
92_8,Perfetto
92_9,Perfetto
93,Perfetto
93_0,Perfetto
93_1,Perfetto
93_2,Perfetto
93_3,Perfetto
93_4,Perfetto
93_5,Perfetto
93_6,Perfetto
93_7,Perfetto
93_8,Perfetto
93_9,Perfetto
156,Che vuoi
156_0,Che vuoi
156_1,Che vuoi
156_2,Che vuoi
156_3,Che vuoi
156_4,Che vuoi
156_5,Che vuoi
156_6,Che vuoi
156_7,Che vuoi
156_8,Che vuoi
156_9,Che vuoi
157,Che vuoi
157_0,Che vuoi
157_1,Che vuoi
157_2,Che vuoi
157_3,Che vuoi
157_4,Che vuoi
157_5,Che vuoi
157_6,Che vuoi
157_7,Che vuoi
157_8,Che vuoi
157_9,Che vuoi
158,Che vuoi
158_0,Che vuoi
158_1,Che vuoi
158_2,Che vuoi
158_3,Che vuoi
158_4,Che vuoi
158_5,Che vuoi
158_6,Che vuoi
158_7,Che vuoi
158_8,Che vuoi
158_9,Che vuoi
159,Che vuoi
159_0,Che vuoi
159_1,Che vuoi
159_2,Che vuoi
159_3,Che vuoi
159_4,Che vuoi
159_5,Che vuoi
159_6,Che vuoi
159_7,Che vuoi
159_8,Che vuoi
159_9,Che vuoi
160,Che vuoi
160_0,Che vuoi
160_1,Che vuoi
160_2,Che vuoi
160_3,Che vuoi
160_4,Che vuoi
160_5,Che vuoi
160_6,Che vuoi
160_7,Che vuoi
160_8,Che vuoi
160_9,Che vuoi
161,Che vuoi
161_0,Che vuoi
161_1,Che vuoi
161_2,Che vuoi
161_3,Che vuoi
161_4,Che vuoi
161_5,Che vuoi
161_6,Che vuoi
161_7,Che vuoi
161_8,Che vuoi
161_9,Che vuoi
162,Che vuoi
162_0,Che vuoi
162_1,Che vuoi
162_2,Che vuoi
162_3,Che vuoi
162_4,Che vuoi
162_5,Che vuoi
162_6,Che vuoi
162_7,Che vuoi
162_8,Che vuoi
162_9,Che vuoi
163,Che vuoi
163_0,Che vuoi
163_1,Che vuoi
163_2,Che vuoi
163_3,Che vuoi
163_4,Che vuoi
163_5,Che vuoi
163_6,Che vuoi
163_7,Che vuoi
163_8,Che vuoi
163_9,Che vuoi
164,Che vuoi
164_0,Che vuoi
164_1,Che vuoi
164_2,Che vuoi
164_3,Che vuoi
164_4,Che vuoi
164_5,Che vuoi
164_6,Che vuoi
164_7,Che vuoi
164_8,Che vuoi
164_9,Che vuoi
165,Che vuoi
165_0,Che vuoi
165_1,Che vuoi
165_2,Che vuoi
165_3,Che vuoi
165_4,Che vuoi
165_5,Che vuoi
165_6,Che vuoi
165_7,Che vuoi
165_8,Che vuoi
165_9,Che vuoi
166,Che vuoi
166_0,Che vuoi
166_1,Che vuoi
166_2,Che vuoi
166_3,Che vuoi
166_4,Che vuoi
166_5,Che vuoi
166_6,Che vuoi
166_7,Che vuoi
166_8,Che vuoi
166_9,Che vuoi
167,Che vuoi
167_0,Che vuoi
167_1,Che vuoi
167_2,Che vuoi
167_3,Che vuoi
167_4,Che vuoi
167_5,Che vuoi
167_6,Che vuoi
167_7,Che vuoi
167_8,Che vuoi
167_9,Che vuoi
168,Che vuoi
168_0,Che vuoi
168_1,Che vuoi
168_2,Che vuoi
168_3,Che vuoi
168_4,Che vuoi
168_5,Che vuoi
168_6,Che vuoi
168_7,Che vuoi
168_8,Che vuoi
168_9,Che vuoi
169,Che vuoi
169_0,Che vuoi
169_1,Che vuoi
169_2,Che vuoi
169_3,Che vuoi
169_4,Che vuoi
169_5,Che vuoi
169_6,Che vuoi
169_7,Che vuoi
169_8,Che vuoi
169_9,Che vuoi
170,Che vuoi
170_0,Che vuoi
170_1,Che vuoi
170_2,Che vuoi
170_3,Che vuoi
170_4,Che vuoi
170_5,Che vuoi
170_6,Che vuoi
170_7,Che vuoi
170_8,Che vuoi
170_9,Che vuoi
171,Che vuoi
171_0,Che vuoi
171_1,Che vuoi
171_2,Che vuoi
171_3,Che vuoi
171_4,Che vuoi
171_5,Che vuoi
171_6,Che vuoi
171_7,Che vuoi
171_8,Che vuoi
171_9,Che vuoi
172,Che vuoi
172_0,Che vuoi
172_1,Che vuoi
172_2,Che vuoi
172_3,Che vuoi
172_4,Che vuoi
172_5,Che vuoi
172_6,Che vuoi
172_7,Che vuoi
172_8,Che vuoi
172_9,Che vuoi
173,Che vuoi
173_0,Che vuoi
173_1,Che vuoi
173_2,Che vuoi
173_3,Che vuoi
173_4,Che vuoi
173_5,Che vuoi
173_6,Che vuoi
173_7,Che vuoi
173_8,Che vuoi
173_9,Che vuoi
174,Che vuoi
174_0,Che vuoi
174_1,Che vuoi
174_2,Che vuoi
174_3,Che vuoi
174_4,Che vuoi
174_5,Che vuoi
174_6,Che vuoi
174_7,Che vuoi
174_8,Che vuoi
174_9,Che vuoi
175,Che vuoi
175_0,Che vuoi
175_1,Che vuoi
175_2,Che vuoi
175_3,Che vuoi
175_4,Che vuoi
175_5,Che vuoi
175_6,Che vuoi
175_7,Che vuoi
175_8,Che vuoi
175_9,Che vuoi
176,Che vuoi
176_0,Che vuoi
176_1,Che vuoi
176_2,Che vuoi
176_3,Che vuoi
176_4,Che vuoi
176_5,Che vuoi
176_6,Che vuoi
176_7,Che vuoi
176_8,Che vuoi
176_9,Che vuoi
177,Che vuoi
177_0,Che vuoi
177_1,Che vuoi
177_2,Che vuoi
177_3,Che vuoi
177_4,Che vuoi
177_5,Che vuoi
177_6,Che vuoi
177_7,Che vuoi
177_8,Che vuoi
177_9,Che vuoi
178,Che vuoi
178_0,Che vuoi
178_1,Che vuoi
178_2,Che vuoi
178_3,Che vuoi
178_4,Che vuoi
178_5,Che vuoi
178_6,Che vuoi
178_7,Che vuoi
178_8,Che vuoi
178_9,Che vuoi
179,Che vuoi
179_0,Che vuoi
179_1,Che vuoi
179_2,Che vuoi
179_3,Che vuoi
179_4,Che vuoi
179_5,Che vuoi
179_6,Che vuoi
179_7,Che vuoi
179_8,Che vuoi
179_9,Che vuoi
180,Che vuoi
180_0,Che vuoi
180_1,Che vuoi
180_2,Che vuoi
180_3,Che vuoi
180_4,Che vuoi
180_5,Che vuoi
180_6,Che vuoi
180_7,Che vuoi
180_8,Che vuoi
180_9,Che vuoi
181,Che vuoi
181_0,Che vuoi
181_1,Che vuoi
181_2,Che vuoi
181_3,Che vuoi
181_4,Che vuoi
181_5,Che vuoi
181_6,Che vuoi
181_7,Che vuoi
181_8,Che vuoi
181_9,Che vuoi
182,Che vuoi
182_0,Che vuoi
182_1,Che vuoi
182_2,Che vuoi
182_3,Che vuoi
182_4,Che vuoi
182_5,Che vuoi
182_6,Che vuoi
182_7,Che vuoi
182_8,Che vuoi
182_9,Che vuoi
183,Che vuoi
183_0,Che vuoi
183_1,Che vuoi
183_2,Che vuoi
183_3,Che vuoi
183_4,Che vuoi
183_5,Che vuoi
183_6,Che vuoi
183_7,Che vuoi
183_8,Che vuoi
183_9,Che vuoi
184,Che vuoi
184_0,Che vuoi
184_1,Che vuoi
184_2,Che vuoi
184_3,Che vuoi
184_4,Che vuoi
184_5,Che vuoi
184_6,Che vuoi
184_7,Che vuoi
184_8,Che vuoi
184_9,Che vuoi
185,Che vuoi
185_0,Che vuoi
185_1,Che vuoi
185_2,Che vuoi
185_3,Che vuoi
185_4,Che vuoi
185_5,Che vuoi
185_6,Che vuoi
185_7,Che vuoi
185_8,Che vuoi
185_9,Che vuoi
186,Che vuoi
186_0,Che vuoi
186_1,Che vuoi
186_2,Che vuoi
186_3,Che vuoi
186_4,Che vuoi
186_5,Che vuoi
186_6,Che vuoi
186_7,Che vuoi
186_8,Che vuoi
186_9,Che vuoi
187,Vanno d' accordo
187_0,Vanno d' accordo
187_1,Vanno d' accordo
187_2,Vanno d' accordo
187_3,Vanno d' accordo
187_4,Vanno d' accordo
187_5,Vanno d' accordo
187_6,Vanno d' accordo
187_7,Vanno d' accordo
187_8,Vanno d' accordo
187_9,Vanno d' accordo
188,Vanno d' accordo
188_0,Vanno d' accordo
188_1,Vanno d' accordo
188_2,Vanno d' accordo
188_3,Vanno d' accordo
188_4,Vanno d' accordo
188_5,Vanno d' accordo
188_6,Vanno d' accordo
188_7,Vanno d' accordo
188_8,Vanno d' accordo
188_9,Vanno d' accordo
189,Vanno d' accordo
189_0,Vanno d' accordo
189_1,Vanno d' accordo
189_2,Vanno d' accordo
189_3,Vanno d' accordo
189_4,Vanno d' accordo
189_5,Vanno d' accordo
189_6,Vanno d' accordo
189_7,Vanno d' accordo
189_8,Vanno d' accordo
189_9,Vanno d' accordo
190,Vanno d' accordo
190_0,Vanno d' accordo
190_1,Vanno d' accordo
190_2,Vanno d' accordo
190_3,Vanno d' accordo
190_4,Vanno d' accordo
190_5,Vanno d' accordo
190_6,Vanno d' accordo
190_7,Vanno d' accordo
190_8,Vanno d' accordo
190_9,Vanno d' accordo
191,Vanno d' accordo
191_0,Vanno d' accordo
191_1,Vanno d' accordo
191_2,Vanno d' accordo
191_3,Vanno d' accordo
191_4,Vanno d' accordo
191_5,Vanno d' accordo
191_6,Vanno d' accordo
191_7,Vanno d' accordo
191_8,Vanno d' accordo
191_9,Vanno d' accordo
192,Vanno d' accordo
192_0,Vanno d' accordo
192_1,Vanno d' accordo
192_2,Vanno d' accordo
192_3,Vanno d' accordo
192_4,Vanno d' accordo
192_5,Vanno d' accordo
192_6,Vanno d' accordo
192_7,Vanno d' accordo
192_8,Vanno d' accordo
192_9,Vanno d' accordo
193,Vanno d' accordo
193_0,Vanno d' accordo
193_1,Vanno d' accordo
193_2,Vanno d' accordo
193_3,Vanno d' accordo
193_4,Vanno d' accordo
193_5,Vanno d' accordo
193_6,Vanno d' accordo
193_7,Vanno d' accordo
193_8,Vanno d' accordo
193_9,Vanno d' accordo
194,Vanno d' accordo
194_0,Vanno d' accordo
194_1,Vanno d' accordo
194_2,Vanno d' accordo
194_3,Vanno d' accordo
194_4,Vanno d' accordo
194_5,Vanno d' accordo
194_6,Vanno d' accordo
194_7,Vanno d' accordo
194_8,Vanno d' accordo
194_9,Vanno d' accordo
195,Vanno d' accordo
195_0,Vanno d' accordo
195_1,Vanno d' accordo
195_2,Vanno d' accordo
195_3,Vanno d' accordo
195_4,Vanno d' accordo
195_5,Vanno d' accordo
195_6,Vanno d' accordo
195_7,Vanno d' accordo
195_8,Vanno d' accordo
195_9,Vanno d' accordo
196,Vanno d' accordo
196_0,Vanno d' accordo
196_1,Vanno d' accordo
196_2,Vanno d' accordo
196_3,Vanno d' accordo
196_4,Vanno d' accordo
196_5,Vanno d' accordo
196_6,Vanno d' accordo
196_7,Vanno d' accordo
196_8,Vanno d' accordo
196_9,Vanno d' accordo
197,Vanno d' accordo
197_0,Vanno d' accordo
197_1,Vanno d' accordo
197_2,Vanno d' accordo
197_3,Vanno d' accordo
197_4,Vanno d' accordo
197_5,Vanno d' accordo
197_6,Vanno d' accordo
197_7,Vanno d' accordo
197_8,Vanno d' accordo
197_9,Vanno d' accordo
198,Vanno d' accordo
198_0,Vanno d' accordo
198_1,Vanno d' accordo
198_2,Vanno d' accordo
198_3,Vanno d' accordo
198_4,Vanno d' accordo
198_5,Vanno d' accordo
198_6,Vanno d' accordo
198_7,Vanno d' accordo
198_8,Vanno d' accordo
198_9,Vanno d' accordo
199,Vanno d' accordo
199_0,Vanno d' accordo
199_1,Vanno d' accordo
199_2,Vanno d' accordo
199_3,Vanno d' accordo
199_4,Vanno d' accordo
199_5,Vanno d' accordo
199_6,Vanno d' accordo
199_7,Vanno d' accordo
199_8,Vanno d' accordo
199_9,Vanno d' accordo
200,Vanno d' accordo
200_0,Vanno d' accordo
200_1,Vanno d' accordo
200_2,Vanno d' accordo
200_3,Vanno d' accordo
200_4,Vanno d' accordo
200_5,Vanno d' accordo
200_6,Vanno d' accordo
200_7,Vanno d' accordo
200_8,Vanno d' accordo
200_9,Vanno d' accordo
201,Vanno d' accordo
201_0,Vanno d' accordo
201_1,Vanno d' accordo
201_2,Vanno d' accordo
201_3,Vanno d' accordo
201_4,Vanno d' accordo
201_5,Vanno d' accordo
201_6,Vanno d' accordo
201_7,Vanno d' accordo
201_8,Vanno d' accordo
201_9,Vanno d' accordo
202,Vanno d' accordo
202_0,Vanno d' accordo
202_1,Vanno d' accordo
202_2,Vanno d' accordo
202_3,Vanno d' accordo
202_4,Vanno d' accordo
202_5,Vanno d' accordo
202_6,Vanno d' accordo
202_7,Vanno d' accordo
202_8,Vanno d' accordo
202_9,Vanno d' accordo
203,Vanno d' accordo
203_0,Vanno d' accordo
203_1,Vanno d' accordo
203_2,Vanno d' accordo
203_3,Vanno d' accordo
203_4,Vanno d' accordo
203_5,Vanno d' accordo
203_6,Vanno d' accordo
203_7,Vanno d' accordo
203_8,Vanno d' accordo
203_9,Vanno d' accordo
204,Vanno d' accordo
204_0,Vanno d' accordo
204_1,Vanno d' accordo
204_2,Vanno d' accordo
204_3,Vanno d' accordo
204_4,Vanno d' accordo
204_5,Vanno d' accordo
204_6,Vanno d' accordo
204_7,Vanno d' accordo
204_8,Vanno d' accordo
204_9,Vanno d' accordo
205,Vanno d' accordo
205_0,Vanno d' accordo
205_1,Vanno d' accordo
205_2,Vanno d' accordo
205_3,Vanno d' accordo
205_4,Vanno d' accordo
205_5,Vanno d' accordo
205_6,Vanno d' accordo
205_7,Vanno d' accordo
205_8,Vanno d' accordo
205_9,Vanno d' accordo
206,Vanno d' accordo
206_0,Vanno d' accordo
206_1,Vanno d' accordo
206_2,Vanno d' accordo
206_3,Vanno d' accordo
206_4,Vanno d' accordo
206_5,Vanno d' accordo
206_6,Vanno d' accordo
206_7,Vanno d' accordo
206_8,Vanno d' accordo
206_9,Vanno d' accordo
207,Vanno d' accordo
207_0,Vanno d' accordo
207_1,Vanno d' accordo
207_2,Vanno d' accordo
207_3,Vanno d' accordo
207_4,Vanno d' accordo
207_5,Vanno d' accordo
207_6,Vanno d' accordo
207_7,Vanno d' accordo
207_8,Vanno d' accordo
207_9,Vanno d' accordo
208,Vanno d' accordo
208_0,Vanno d' accordo
208_1,Vanno d' accordo
208_2,Vanno d' accordo
208_3,Vanno d' accordo
208_4,Vanno d' accordo
208_5,Vanno d' accordo
208_6,Vanno d' accordo
208_7,Vanno d' accordo
208_8,Vanno d' accordo
208_9,Vanno d' accordo
209,Vanno d' accordo
209_0,Vanno d' accordo
209_1,Vanno d' accordo
209_2,Vanno d' accordo
209_3,Vanno d' accordo
209_4,Vanno d' accordo
209_5,Vanno d' accordo
209_6,Vanno d' accordo
209_7,Vanno d' accordo
209_8,Vanno d' accordo
209_9,Vanno d' accordo
210,Vanno d' accordo
210_0,Vanno d' accordo
210_1,Vanno d' accordo
210_2,Vanno d' accordo
210_3,Vanno d' accordo
210_4,Vanno d' accordo
210_5,Vanno d' accordo
210_6,Vanno d' accordo
210_7,Vanno d' accordo
210_8,Vanno d' accordo
210_9,Vanno d' accordo
211,Vanno d' accordo
211_0,Vanno d' accordo
211_1,Vanno d' accordo
211_2,Vanno d' accordo
211_3,Vanno d' accordo
211_4,Vanno d' accordo
211_5,Vanno d' accordo
211_6,Vanno d' accordo
211_7,Vanno d' accordo
211_8,Vanno d' accordo
211_9,Vanno d' accordo
212,Vanno d' accordo
212_0,Vanno d' accordo
212_1,Vanno d' accordo
212_2,Vanno d' accordo
212_3,Vanno d' accordo
212_4,Vanno d' accordo
212_5,Vanno d' accordo
212_6,Vanno d' accordo
212_7,Vanno d' accordo
212_8,Vanno d' accordo
212_9,Vanno d' accordo
213,Vanno d' accordo
213_0,Vanno d' accordo
213_1,Vanno d' accordo
213_2,Vanno d' accordo
213_3,Vanno d' accordo
213_4,Vanno d' accordo
213_5,Vanno d' accordo
213_6,Vanno d' accordo
213_7,Vanno d' accordo
213_8,Vanno d' accordo
213_9,Vanno d' accordo
214,Vanno d' accordo
214_0,Vanno d' accordo
214_1,Vanno d' accordo
214_2,Vanno d' accordo
214_3,Vanno d' accordo
214_4,Vanno d' accordo
214_5,Vanno d' accordo
214_6,Vanno d' accordo
214_7,Vanno d' accordo
214_8,Vanno d' accordo
214_9,Vanno d' accordo
215,Vanno d' accordo
215_0,Vanno d' accordo
215_1,Vanno d' accordo
215_2,Vanno d' accordo
215_3,Vanno d' accordo
215_4,Vanno d' accordo
215_5,Vanno d' accordo
215_6,Vanno d' accordo
215_7,Vanno d' accordo
215_8,Vanno d' accordo
215_9,Vanno d' accordo
216,Vanno d' accordo
216_0,Vanno d' accordo
216_1,Vanno d' accordo
216_2,Vanno d' accordo
216_3,Vanno d' accordo
216_4,Vanno d' accordo
216_5,Vanno d' accordo
216_6,Vanno d' accordo
216_7,Vanno d' accordo
216_8,Vanno d' accordo
216_9,Vanno d' accordo
217,Vanno d' accordo
217_0,Vanno d' accordo
217_1,Vanno d' accordo
217_2,Vanno d' accordo
217_3,Vanno d' accordo
217_4,Vanno d' accordo
217_5,Vanno d' accordo
217_6,Vanno d' accordo
217_7,Vanno d' accordo
217_8,Vanno d' accordo
217_9,Vanno d' accordo
590,Sono stufo
590_0,Sono stufo
590_1,Sono stufo
590_2,Sono stufo
590_3,Sono stufo
590_4,Sono stufo
590_5,Sono stufo
590_6,Sono stufo
590_7,Sono stufo
590_8,Sono stufo
590_9,Sono stufo
591,Sono stufo
591_0,Sono stufo
591_1,Sono stufo
591_2,Sono stufo
591_3,Sono stufo
591_4,Sono stufo
591_5,Sono stufo
591_6,Sono stufo
591_7,Sono stufo
591_8,Sono stufo
591_9,Sono stufo
592,Sono stufo
592_0,Sono stufo
592_1,Sono stufo
592_2,Sono stufo
592_3,Sono stufo
592_4,Sono stufo
592_5,Sono stufo
592_6,Sono stufo
592_7,Sono stufo
592_8,Sono stufo
592_9,Sono stufo
593,Sono stufo
593_0,Sono stufo
593_1,Sono stufo
593_2,Sono stufo
593_3,Sono stufo
593_4,Sono stufo
593_5,Sono stufo
593_6,Sono stufo
593_7,Sono stufo
593_8,Sono stufo
593_9,Sono stufo
594,Sono stufo
594_0,Sono stufo
594_1,Sono stufo
594_2,Sono stufo
594_3,Sono stufo
594_4,Sono stufo
594_5,Sono stufo
594_6,Sono stufo
594_7,Sono stufo
594_8,Sono stufo
594_9,Sono stufo
595,Sono stufo
595_0,Sono stufo
595_1,Sono stufo
595_2,Sono stufo
595_3,Sono stufo
595_4,Sono stufo
595_5,Sono stufo
595_6,Sono stufo
595_7,Sono stufo
595_8,Sono stufo
595_9,Sono stufo
596,Sono stufo
596_0,Sono stufo
596_1,Sono stufo
596_2,Sono stufo
596_3,Sono stufo
596_4,Sono stufo
596_5,Sono stufo
596_6,Sono stufo
596_7,Sono stufo
596_8,Sono stufo
596_9,Sono stufo
597,Sono stufo
597_0,Sono stufo
597_1,Sono stufo
597_2,Sono stufo
597_3,Sono stufo
597_4,Sono stufo
597_5,Sono stufo
597_6,Sono stufo
597_7,Sono stufo
597_8,Sono stufo
597_9,Sono stufo
598,Sono stufo
598_0,Sono stufo
598_1,Sono stufo
598_2,Sono stufo
598_3,Sono stufo
598_4,Sono stufo
598_5,Sono stufo
598_6,Sono stufo
598_7,Sono stufo
598_8,Sono stufo
598_9,Sono stufo
599,Sono stufo
599_0,Sono stufo
599_1,Sono stufo
599_2,Sono stufo
599_3,Sono stufo
599_4,Sono stufo
599_5,Sono stufo
599_6,Sono stufo
599_7,Sono stufo
599_8,Sono stufo
599_9,Sono stufo
600,Sono stufo
600_0,Sono stufo
600_1,Sono stufo
600_2,Sono stufo
600_3,Sono stufo
600_4,Sono stufo
600_5,Sono stufo
600_6,Sono stufo
600_7,Sono stufo
600_8,Sono stufo
600_9,Sono stufo
601,Sono stufo
601_0,Sono stufo
601_1,Sono stufo
601_2,Sono stufo
601_3,Sono stufo
601_4,Sono stufo
601_5,Sono stufo
601_6,Sono stufo
601_7,Sono stufo
601_8,Sono stufo
601_9,Sono stufo
602,Sono stufo
602_0,Sono stufo
602_1,Sono stufo
602_2,Sono stufo
602_3,Sono stufo
602_4,Sono stufo
602_5,Sono stufo
602_6,Sono stufo
602_7,Sono stufo
602_8,Sono stufo
602_9,Sono stufo
603,Sono stufo
603_0,Sono stufo
603_1,Sono stufo
603_2,Sono stufo
603_3,Sono stufo
603_4,Sono stufo
603_5,Sono stufo
603_6,Sono stufo
603_7,Sono stufo
603_8,Sono stufo
603_9,Sono stufo
604,Sono stufo
604_0,Sono stufo
604_1,Sono stufo
604_2,Sono stufo
604_3,Sono stufo
604_4,Sono stufo
604_5,Sono stufo
604_6,Sono stufo
604_7,Sono stufo
604_8,Sono stufo
604_9,Sono stufo
605,Sono stufo
605_0,Sono stufo
605_1,Sono stufo
605_2,Sono stufo
605_3,Sono stufo
605_4,Sono stufo
605_5,Sono stufo
605_6,Sono stufo
605_7,Sono stufo
605_8,Sono stufo
605_9,Sono stufo
606,Sono stufo
606_0,Sono stufo
606_1,Sono stufo
606_2,Sono stufo
606_3,Sono stufo
606_4,Sono stufo
606_5,Sono stufo
606_6,Sono stufo
606_7,Sono stufo
606_8,Sono stufo
606_9,Sono stufo
607,Sono stufo
607_0,Sono stufo
607_1,Sono stufo
607_2,Sono stufo
607_3,Sono stufo
607_4,Sono stufo
607_5,Sono stufo
607_6,Sono stufo
607_7,Sono stufo
607_8,Sono stufo
607_9,Sono stufo
608,Sono stufo
608_0,Sono stufo
608_1,Sono stufo
608_2,Sono stufo
608_3,Sono stufo
608_4,Sono stufo
608_5,Sono stufo
608_6,Sono stufo
608_7,Sono stufo
608_8,Sono stufo
608_9,Sono stufo
609,Sono stufo
609_0,Sono stufo
609_1,Sono stufo
609_2,Sono stufo
609_3,Sono stufo
609_4,Sono stufo
609_5,Sono stufo
609_6,Sono stufo
609_7,Sono stufo
609_8,Sono stufo
609_9,Sono stufo
610,Sono stufo
610_0,Sono stufo
610_1,Sono stufo
610_2,Sono stufo
610_3,Sono stufo
610_4,Sono stufo
610_5,Sono stufo
610_6,Sono stufo
610_7,Sono stufo
610_8,Sono stufo
610_9,Sono stufo
611,Sono stufo
611_0,Sono stufo
611_1,Sono stufo
611_2,Sono stufo
611_3,Sono stufo
611_4,Sono stufo
611_5,Sono stufo
611_6,Sono stufo
611_7,Sono stufo
611_8,Sono stufo
611_9,Sono stufo
612,Sono stufo
612_0,Sono stufo
612_1,Sono stufo
612_2,Sono stufo
612_3,Sono stufo
612_4,Sono stufo
612_5,Sono stufo
612_6,Sono stufo
612_7,Sono stufo
612_8,Sono stufo
612_9,Sono stufo
613,Sono stufo
613_0,Sono stufo
613_1,Sono stufo
613_2,Sono stufo
613_3,Sono stufo
613_4,Sono stufo
613_5,Sono stufo
613_6,Sono stufo
613_7,Sono stufo
613_8,Sono stufo
613_9,Sono stufo
614,Sono stufo
614_0,Sono stufo
614_1,Sono stufo
614_2,Sono stufo
614_3,Sono stufo
614_4,Sono stufo
614_5,Sono stufo
614_6,Sono stufo
614_7,Sono stufo
614_8,Sono stufo
614_9,Sono stufo
615,Sono stufo
615_0,Sono stufo
615_1,Sono stufo
615_2,Sono stufo
615_3,Sono stufo
615_4,Sono stufo
615_5,Sono stufo
615_6,Sono stufo
615_7,Sono stufo
615_8,Sono stufo
615_9,Sono stufo
616,Sono stufo
616_0,Sono stufo
616_1,Sono stufo
616_2,Sono stufo
616_3,Sono stufo
616_4,Sono stufo
616_5,Sono stufo
616_6,Sono stufo
616_7,Sono stufo
616_8,Sono stufo
616_9,Sono stufo
617,Sono stufo
617_0,Sono stufo
617_1,Sono stufo
617_2,Sono stufo
617_3,Sono stufo
617_4,Sono stufo
617_5,Sono stufo
617_6,Sono stufo
617_7,Sono stufo
617_8,Sono stufo
617_9,Sono stufo
618,Sono stufo
618_0,Sono stufo
618_1,Sono stufo
618_2,Sono stufo
618_3,Sono stufo
618_4,Sono stufo
618_5,Sono stufo
618_6,Sono stufo
618_7,Sono stufo
618_8,Sono stufo
618_9,Sono stufo
619,Sono stufo
619_0,Sono stufo
619_1,Sono stufo
619_2,Sono stufo
619_3,Sono stufo
619_4,Sono stufo
619_5,Sono stufo
619_6,Sono stufo
619_7,Sono stufo
619_8,Sono stufo
619_9,Sono stufo
620,Sono stufo
620_0,Sono stufo
620_1,Sono stufo
620_2,Sono stufo
620_3,Sono stufo
620_4,Sono stufo
620_5,Sono stufo
620_6,Sono stufo
620_7,Sono stufo
620_8,Sono stufo
620_9,Sono stufo
621,Artificial
621_0,Artificial
621_1,Artificial
621_2,Artificial
621_3,Artificial
621_4,Artificial
621_5,Artificial
621_6,Artificial
621_7,Artificial
621_8,Artificial
621_9,Artificial
622,Artificial
622_0,Artificial
622_1,Artificial
622_2,Artificial
622_3,Artificial
622_4,Artificial
622_5,Artificial
622_6,Artificial
622_7,Artificial
622_8,Artificial
622_9,Artificial
623,Artificial
623_0,Artificial
623_1,Artificial
623_2,Artificial
623_3,Artificial
623_4,Artificial
623_5,Artificial
623_6,Artificial
623_7,Artificial
623_8,Artificial
623_9,Artificial
624,Artificial
624_0,Artificial
624_1,Artificial
624_2,Artificial
624_3,Artificial
624_4,Artificial
624_5,Artificial
624_6,Artificial
624_7,Artificial
624_8,Artificial
624_9,Artificial
625,Artificial
625_0,Artificial
625_1,Artificial
625_2,Artificial
625_3,Artificial
625_4,Artificial
625_5,Artificial
625_6,Artificial
625_7,Artificial
625_8,Artificial
625_9,Artificial
626,Artificial
626_0,Artificial
626_1,Artificial
626_2,Artificial
626_3,Artificial
626_4,Artificial
626_5,Artificial
626_6,Artificial
626_7,Artificial
626_8,Artificial
626_9,Artificial
627,Artificial
627_0,Artificial
627_1,Artificial
627_2,Artificial
627_3,Artificial
627_4,Artificial
627_5,Artificial
627_6,Artificial
627_7,Artificial
627_8,Artificial
627_9,Artificial
628,Artificial
628_0,Artificial
628_1,Artificial
628_2,Artificial
628_3,Artificial
628_4,Artificial
628_5,Artificial
628_6,Artificial
628_7,Artificial
628_8,Artificial
628_9,Artificial
629,Artificial
629_0,Artificial
629_1,Artificial
629_2,Artificial
629_3,Artificial
629_4,Artificial
629_5,Artificial
629_6,Artificial
629_7,Artificial
629_8,Artificial
629_9,Artificial
630,Artificial
630_0,Artificial
630_1,Artificial
630_2,Artificial
630_3,Artificial
630_4,Artificial
630_5,Artificial
630_6,Artificial
630_7,Artificial
630_8,Artificial
630_9,Artificial
631,Artificial
631_0,Artificial
631_1,Artificial
631_2,Artificial
631_3,Artificial
631_4,Artificial
631_5,Artificial
631_6,Artificial
631_7,Artificial
631_8,Artificial
631_9,Artificial
632,Artificial
632_0,Artificial
632_1,Artificial
632_2,Artificial
632_3,Artificial
632_4,Artificial
632_5,Artificial
632_6,Artificial
632_7,Artificial
632_8,Artificial
632_9,Artificial
633,Artificial
633_0,Artificial
633_1,Artificial
633_2,Artificial
633_3,Artificial
633_4,Artificial
633_5,Artificial
633_6,Artificial
633_7,Artificial
633_8,Artificial
633_9,Artificial
634,Artificial
634_0,Artificial
634_1,Artificial
634_2,Artificial
634_3,Artificial
634_4,Artificial
634_5,Artificial
634_6,Artificial
634_7,Artificial
634_8,Artificial
634_9,Artificial
635,Artificial
635_0,Artificial
635_1,Artificial
635_2,Artificial
635_3,Artificial
635_4,Artificial
635_5,Artificial
635_6,Artificial
635_7,Artificial
635_8,Artificial
635_9,Artificial
636,Artificial
636_0,Artificial
636_1,Artificial
636_2,Artificial
636_3,Artificial
636_4,Artificial
636_5,Artificial
636_6,Artificial
636_7,Artificial
636_8,Artificial
636_9,Artificial
637,Artificial
637_0,Artificial
637_1,Artificial
637_2,Artificial
637_3,Artificial
637_4,Artificial
637_5,Artificial
637_6,Artificial
637_7,Artificial
637_8,Artificial
637_9,Artificial
638,Artificial
638_0,Artificial
638_1,Artificial
638_2,Artificial
638_3,Artificial
638_4,Artificial
638_5,Artificial
638_6,Artificial
638_7,Artificial
638_8,Artificial
638_9,Artificial
639,Artificial
639_0,Artificial
639_1,Artificial
639_2,Artificial
639_3,Artificial
639_4,Artificial
639_5,Artificial
639_6,Artificial
639_7,Artificial
639_8,Artificial
639_9,Artificial
640,Artificial
640_0,Artificial
640_1,Artificial
640_2,Artificial
640_3,Artificial
640_4,Artificial
640_5,Artificial
640_6,Artificial
640_7,Artificial
640_8,Artificial
640_9,Artificial
641,Artificial
641_0,Artificial
641_1,Artificial
641_2,Artificial
641_3,Artificial
641_4,Artificial
641_5,Artificial
641_6,Artificial
641_7,Artificial
641_8,Artificial
641_9,Artificial
642,Artificial
642_0,Artificial
642_1,Artificial
642_2,Artificial
642_3,Artificial
642_4,Artificial
642_5,Artificial
642_6,Artificial
642_7,Artificial
642_8,Artificial
642_9,Artificial
643,Artificial
643_0,Artificial
643_1,Artificial
643_2,Artificial
643_3,Artificial
643_4,Artificial
643_5,Artificial
643_6,Artificial
643_7,Artificial
643_8,Artificial
643_9,Artificial
644,Artificial
644_0,Artificial
644_1,Artificial
644_2,Artificial
644_3,Artificial
644_4,Artificial
644_5,Artificial
644_6,Artificial
644_7,Artificial
644_8,Artificial
644_9,Artificial
645,Artificial
645_0,Artificial
645_1,Artificial
645_2,Artificial
645_3,Artificial
645_4,Artificial
645_5,Artificial
645_6,Artificial
645_7,Artificial
645_8,Artificial
645_9,Artificial
646,Artificial
646_0,Artificial
646_1,Artificial
646_2,Artificial
646_3,Artificial
646_4,Artificial
646_5,Artificial
646_6,Artificial
646_7,Artificial
646_8,Artificial
646_9,Artificial
647,Artificial
647_0,Artificial
647_1,Artificial
647_2,Artificial
647_3,Artificial
647_4,Artificial
647_5,Artificial
647_6,Artificial
647_7,Artificial
647_8,Artificial
647_9,Artificial
648,Artificial
648_0,Artificial
648_1,Artificial
648_2,Artificial
648_3,Artificial
648_4,Artificial
648_5,Artificial
648_6,Artificial
648_7,Artificial
648_8,Artificial
648_9,Artificial
649,Artificial
649_0,Artificial
649_1,Artificial
649_2,Artificial
649_3,Artificial
649_4,Artificial
649_5,Artificial
649_6,Artificial
649_7,Artificial
649_8,Artificial
649_9,Artificial
650,Artificial
650_0,Artificial
650_1,Artificial
650_2,Artificial
650_3,Artificial
650_4,Artificial
650_5,Artificial
650_6,Artificial
650_7,Artificial
650_8,Artificial
650_9,Artificial
651,Artificial
651_0,Artificial
651_1,Artificial
651_2,Artificial
651_3,Artificial
651_4,Artificial
651_5,Artificial
651_6,Artificial
651_7,Artificial
651_8,Artificial
651_9,Artificial
