1,vattene
1_0,vattene
1_1,vattene
1_2,vattene
1_3,vattene
1_4,vattene
1_5,vattene
1_6,vattene
1_7,vattene
1_8,vattene
1_9,vattene
2,vattene
2_0,vattene
2_1,vattene
2_2,vattene
2_3,vattene
2_4,vattene
2_5,vattene
2_6,vattene
2_7,vattene
2_8,vattene
2_9,vattene
3,vattene
3_0,vattene
3_1,vattene
3_2,vattene
3_3,vattene
3_4,vattene
3_5,vattene
3_6,vattene
3_7,vattene
3_8,vattene
3_9,vattene
4,vattene
4_0,vattene
4_1,vattene
4_2,vattene
4_3,vattene
4_4,vattene
4_5,vattene
4_6,vattene
4_7,vattene
4_8,vattene
4_9,vattene
5,vattene
5_0,vattene
5_1,vattene
5_2,vattene
5_3,vattene
5_4,vattene
5_5,vattene
5_6,vattene
5_7,vattene
5_8,vattene
5_9,vattene
6,vattene
6_0,vattene
6_1,vattene
6_2,vattene
6_3,vattene
6_4,vattene
6_5,vattene
6_6,vattene
6_7,vattene
6_8,vattene
6_9,vattene
7,vattene
7_0,vattene
7_1,vattene
7_2,vattene
7_3,vattene
7_4,vattene
7_5,vattene
7_6,vattene
7_7,vattene
7_8,vattene
7_9,vattene
8,vattene
8_0,vattene
8_1,vattene
8_2,vattene
8_3,vattene
8_4,vattene
8_5,vattene
8_6,vattene
8_7,vattene
8_8,vattene
8_9,vattene
9,vattene
9_0,vattene
9_1,vattene
9_2,vattene
9_3,vattene
9_4,vattene
9_5,vattene
9_6,vattene
9_7,vattene
9_8,vattene
9_9,vattene
10,vattene
10_0,vattene
10_1,vattene
10_2,vattene
10_3,vattene
10_4,vattene
10_5,vattene
10_6,vattene
10_7,vattene
10_8,vattene
10_9,vattene
11,vattene
11_0,vattene
11_1,vattene
11_2,vattene
11_3,vattene
11_4,vattene
11_5,vattene
11_6,vattene
11_7,vattene
11_8,vattene
11_9,vattene
12,vattene
12_0,vattene
12_1,vattene
12_2,vattene
12_3,vattene
12_4,vattene
12_5,vattene
12_6,vattene
12_7,vattene
12_8,vattene
12_9,vattene
13,vattene
13_0,vattene
13_1,vattene
13_2,vattene
13_3,vattene
13_4,vattene
13_5,vattene
13_6,vattene
13_7,vattene
13_8,vattene
13_9,vattene
14,vattene
14_0,vattene
14_1,vattene
14_2,vattene
14_3,vattene
14_4,vattene
14_5,vattene
14_6,vattene
14_7,vattene
14_8,vattene
14_9,vattene
15,vattene
15_0,vattene
15_1,vattene
15_2,vattene
15_3,vattene
15_4,vattene
15_5,vattene
15_6,vattene
15_7,vattene
15_8,vattene
15_9,vattene
16,vattene
16_0,vattene
16_1,vattene
16_2,vattene
16_3,vattene
16_4,vattene
16_5,vattene
16_6,vattene
16_7,vattene
16_8,vattene
16_9,vattene
17,vattene
17_0,vattene
17_1,vattene
17_2,vattene
17_3,vattene
17_4,vattene
17_5,vattene
17_6,vattene
17_7,vattene
17_8,vattene
17_9,vattene
18,vattene
18_0,vattene
18_1,vattene
18_2,vattene
18_3,vattene
18_4,vattene
18_5,vattene
18_6,vattene
18_7,vattene
18_8,vattene
18_9,vattene
19,vattene
19_0,vattene
19_1,vattene
19_2,vattene
19_3,vattene
19_4,vattene
19_5,vattene
19_6,vattene
19_7,vattene
19_8,vattene
19_9,vattene
20,vattene
20_0,vattene
20_1,vattene
20_2,vattene
20_3,vattene
20_4,vattene
20_5,vattene
20_6,vattene
20_7,vattene
20_8,vattene
20_9,vattene
21,vattene
21_0,vattene
21_1,vattene
21_2,vattene
21_3,vattene
21_4,vattene
21_5,vattene
21_6,vattene
21_7,vattene
21_8,vattene
21_9,vattene
22,vattene
22_0,vattene
22_1,vattene
22_2,vattene
22_3,vattene
22_4,vattene
22_5,vattene
22_6,vattene
22_7,vattene
22_8,vattene
22_9,vattene
23,vattene
23_0,vattene
23_1,vattene
23_2,vattene
23_3,vattene
23_4,vattene
23_5,vattene
23_6,vattene
23_7,vattene
23_8,vattene
23_9,vattene
24,vattene
24_0,vattene
24_1,vattene
24_2,vattene
24_3,vattene
24_4,vattene
24_5,vattene
24_6,vattene
24_7,vattene
24_8,vattene
24_9,vattene
25,vattene
25_0,vattene
25_1,vattene
25_2,vattene
25_3,vattene
25_4,vattene
25_5,vattene
25_6,vattene
25_7,vattene
25_8,vattene
25_9,vattene
26,vattene
26_0,vattene
26_1,vattene
26_2,vattene
26_3,vattene
26_4,vattene
26_5,vattene
26_6,vattene
26_7,vattene
26_8,vattene
26_9,vattene
27,vattene
27_0,vattene
27_1,vattene
27_2,vattene
27_3,vattene
27_4,vattene
27_5,vattene
27_6,vattene
27_7,vattene
27_8,vattene
27_9,vattene
28,vattene
28_0,vattene
28_1,vattene
28_2,vattene
28_3,vattene
28_4,vattene
28_5,vattene
28_6,vattene
28_7,vattene
28_8,vattene
28_9,vattene
29,vattene
29_0,vattene
29_1,vattene
29_2,vattene
29_3,vattene
29_4,vattene
29_5,vattene
29_6,vattene
29_7,vattene
29_8,vattene
29_9,vattene
30,vattene
30_0,vattene
30_1,vattene
30_2,vattene
30_3,vattene
30_4,vattene
30_5,vattene
30_6,vattene
30_7,vattene
30_8,vattene
30_9,vattene
31,vattene
31_0,vattene
31_1,vattene
31_2,vattene
31_3,vattene
31_4,vattene
31_5,vattene
31_6,vattene
31_7,vattene
31_8,vattene
31_9,vattene
249,combinato
249_0,combinato
249_1,combinato
249_2,combinato
249_3,combinato
249_4,combinato
249_5,combinato
249_6,combinato
249_7,combinato
249_8,combinato
249_9,combinato
250,combinato
250_0,combinato
250_1,combinato
250_2,combinato
250_3,combinato
250_4,combinato
250_5,combinato
250_6,combinato
250_7,combinato
250_8,combinato
250_9,combinato
251,combinato
251_0,combinato
251_1,combinato
251_2,combinato
251_3,combinato
251_4,combinato
251_5,combinato
251_6,combinato
251_7,combinato
251_8,combinato
251_9,combinato
252,combinato
252_0,combinato
252_1,combinato
252_2,combinato
252_3,combinato
252_4,combinato
252_5,combinato
252_6,combinato
252_7,combinato
252_8,combinato
252_9,combinato
253,combinato
253_0,combinato
253_1,combinato
253_2,combinato
253_3,combinato
253_4,combinato
253_5,combinato
253_6,combinato
253_7,combinato
253_8,combinato
253_9,combinato
254,combinato
254_0,combinato
254_1,combinato
254_2,combinato
254_3,combinato
254_4,combinato
254_5,combinato
254_6,combinato
254_7,combinato
254_8,combinato
254_9,combinato
255,combinato
255_0,combinato
255_1,combinato
255_2,combinato
255_3,combinato
255_4,combinato
255_5,combinato
255_6,combinato
255_7,combinato
255_8,combinato
255_9,combinato
256,combinato
256_0,combinato
256_1,combinato
256_2,combinato
256_3,combinato
256_4,combinato
256_5,combinato
256_6,combinato
256_7,combinato
256_8,combinato
256_9,combinato
257,combinato
257_0,combinato
257_1,combinato
257_2,combinato
257_3,combinato
257_4,combinato
257_5,combinato
257_6,combinato
257_7,combinato
257_8,combinato
257_9,combinato
258,combinato
258_0,combinato
258_1,combinato
258_2,combinato
258_3,combinato
258_4,combinato
258_5,combinato
258_6,combinato
258_7,combinato
258_8,combinato
258_9,combinato
259,combinato
259_0,combinato
259_1,combinato
259_2,combinato
259_3,combinato
259_4,combinato
259_5,combinato
259_6,combinato
259_7,combinato
259_8,combinato
259_9,combinato
260,combinato
260_0,combinato
260_1,combinato
260_2,combinato
260_3,combinato
260_4,combinato
260_5,combinato
260_6,combinato
260_7,combinato
260_8,combinato
260_9,combinato
261,combinato
261_0,combinato
261_1,combinato
261_2,combinato
261_3,combinato
261_4,combinato
261_5,combinato
261_6,combinato
261_7,combinato
261_8,combinato
261_9,combinato
262,combinato
262_0,combinato
262_1,combinato
262_2,combinato
262_3,combinato
262_4,combinato
262_5,combinato
262_6,combinato
262_7,combinato
262_8,combinato
262_9,combinato
263,combinato
263_0,combinato
263_1,combinato
263_2,combinato
263_3,combinato
263_4,combinato
263_5,combinato
263_6,combinato
263_7,combinato
263_8,combinato
263_9,combinato
264,combinato
264_0,combinato
264_1,combinato
264_2,combinato
264_3,combinato
264_4,combinato
264_5,combinato
264_6,combinato
264_7,combinato
264_8,combinato
264_9,combinato
265,combinato
265_0,combinato
265_1,combinato
265_2,combinato
265_3,combinato
265_4,combinato
265_5,combinato
265_6,combinato
265_7,combinato
265_8,combinato
265_9,combinato
266,combinato
266_0,combinato
266_1,combinato
266_2,combinato
266_3,combinato
266_4,combinato
266_5,combinato
266_6,combinato
266_7,combinato
266_8,combinato
266_9,combinato
267,combinato
267_0,combinato
267_1,combinato
267_2,combinato
267_3,combinato
267_4,combinato
267_5,combinato
267_6,combinato
267_7,combinato
267_8,combinato
267_9,combinato
268,combinato
268_0,combinato
268_1,combinato
268_2,combinato
268_3,combinato
268_4,combinato
268_5,combinato
268_6,combinato
268_7,combinato
268_8,combinato
268_9,combinato
269,combinato
269_0,combinato
269_1,combinato
269_2,combinato
269_3,combinato
269_4,combinato
269_5,combinato
269_6,combinato
269_7,combinato
269_8,combinato
269_9,combinato
270,combinato
270_0,combinato
270_1,combinato
270_2,combinato
270_3,combinato
270_4,combinato
270_5,combinato
270_6,combinato
270_7,combinato
270_8,combinato
270_9,combinato
271,combinato
271_0,combinato
271_1,combinato
271_2,combinato
271_3,combinato
271_4,combinato
271_5,combinato
271_6,combinato
271_7,combinato
271_8,combinato
271_9,combinato
272,combinato
272_0,combinato
272_1,combinato
272_2,combinato
272_3,combinato
272_4,combinato
272_5,combinato
272_6,combinato
272_7,combinato
272_8,combinato
272_9,combinato
273,combinato
273_0,combinato
273_1,combinato
273_2,combinato
273_3,combinato
273_4,combinato
273_5,combinato
273_6,combinato
273_7,combinato
273_8,combinato
273_9,combinato
274,combinato
274_0,combinato
274_1,combinato
274_2,combinato
274_3,combinato
274_4,combinato
274_5,combinato
274_6,combinato
274_7,combinato
274_8,combinato
274_9,combinato
275,combinato
275_0,combinato
275_1,combinato
275_2,combinato
275_3,combinato
275_4,combinato
275_5,combinato
275_6,combinato
275_7,combinato
275_8,combinato
275_9,combinato
276,combinato
276_0,combinato
276_1,combinato
276_2,combinato
276_3,combinato
276_4,combinato
276_5,combinato
276_6,combinato
276_7,combinato
276_8,combinato
276_9,combinato
277,combinato
277_0,combinato
277_1,combinato
277_2,combinato
277_3,combinato
277_4,combinato
277_5,combinato
277_6,combinato
277_7,combinato
277_8,combinato
277_9,combinato
278,combinato
278_0,combinato
278_1,combinato
278_2,combinato
278_3,combinato
278_4,combinato
278_5,combinato
278_6,combinato
278_7,combinato
278_8,combinato
278_9,combinato
279,combinato
279_0,combinato
279_1,combinato
279_2,combinato
279_3,combinato
279_4,combinato
279_5,combinato
279_6,combinato
279_7,combinato
279_8,combinato
279_9,combinato
559,daccordo
559_0,daccordo
559_1,daccordo
559_2,daccordo
559_3,daccordo
559_4,daccordo
559_5,daccordo
559_6,daccordo
559_7,daccordo
559_8,daccordo
559_9,daccordo
560,daccordo
560_0,daccordo
560_1,daccordo
560_2,daccordo
560_3,daccordo
560_4,daccordo
560_5,daccordo
560_6,daccordo
560_7,daccordo
560_8,daccordo
560_9,daccordo
561,daccordo
561_0,daccordo
561_1,daccordo
561_2,daccordo
561_3,daccordo
561_4,daccordo
561_5,daccordo
561_6,daccordo
561_7,daccordo
561_8,daccordo
561_9,daccordo
562,daccordo
562_0,daccordo
562_1,daccordo
562_2,daccordo
562_3,daccordo
562_4,daccordo
562_5,daccordo
562_6,daccordo
562_7,daccordo
562_8,daccordo
562_9,daccordo
563,daccordo
563_0,daccordo
563_1,daccordo
563_2,daccordo
563_3,daccordo
563_4,daccordo
563_5,daccordo
563_6,daccordo
563_7,daccordo
563_8,daccordo
563_9,daccordo
564,daccordo
564_0,daccordo
564_1,daccordo
564_2,daccordo
564_3,daccordo
564_4,daccordo
564_5,daccordo
564_6,daccordo
564_7,daccordo
564_8,daccordo
564_9,daccordo
565,daccordo
565_0,daccordo
565_1,daccordo
565_2,daccordo
565_3,daccordo
565_4,daccordo
565_5,daccordo
565_6,daccordo
565_7,daccordo
565_8,daccordo
565_9,daccordo
566,daccordo
566_0,daccordo
566_1,daccordo
566_2,daccordo
566_3,daccordo
566_4,daccordo
566_5,daccordo
566_6,daccordo
566_7,daccordo
566_8,daccordo
566_9,daccordo
567,daccordo
567_0,daccordo
567_1,daccordo
567_2,daccordo
567_3,daccordo
567_4,daccordo
567_5,daccordo
567_6,daccordo
567_7,daccordo
567_8,daccordo
567_9,daccordo
568,daccordo
568_0,daccordo
568_1,daccordo
568_2,daccordo
568_3,daccordo
568_4,daccordo
568_5,daccordo
568_6,daccordo
568_7,daccordo
568_8,daccordo
568_9,daccordo
569,daccordo
569_0,daccordo
569_1,daccordo
569_2,daccordo
569_3,daccordo
569_4,daccordo
569_5,daccordo
569_6,daccordo
569_7,daccordo
569_8,daccordo
569_9,daccordo
570,daccordo
570_0,daccordo
570_1,daccordo
570_2,daccordo
570_3,daccordo
570_4,daccordo
570_5,daccordo
570_6,daccordo
570_7,daccordo
570_8,daccordo
570_9,daccordo
571,daccordo
571_0,daccordo
571_1,daccordo
571_2,daccordo
571_3,daccordo
571_4,daccordo
571_5,daccordo
571_6,daccordo
571_7,daccordo
571_8,daccordo
571_9,daccordo
572,daccordo
572_0,daccordo
572_1,daccordo
572_2,daccordo
572_3,daccordo
572_4,daccordo
572_5,daccordo
572_6,daccordo
572_7,daccordo
572_8,daccordo
572_9,daccordo
573,daccordo
573_0,daccordo
573_1,daccordo
573_2,daccordo
573_3,daccordo
573_4,daccordo
573_5,daccordo
573_6,daccordo
573_7,daccordo
573_8,daccordo
573_9,daccordo
574,daccordo
574_0,daccordo
574_1,daccordo
574_2,daccordo
574_3,daccordo
574_4,daccordo
574_5,daccordo
574_6,daccordo
574_7,daccordo
574_8,daccordo
574_9,daccordo
575,daccordo
575_0,daccordo
575_1,daccordo
575_2,daccordo
575_3,daccordo
575_4,daccordo
575_5,daccordo
575_6,daccordo
575_7,daccordo
575_8,daccordo
575_9,daccordo
576,daccordo
576_0,daccordo
576_1,daccordo
576_2,daccordo
576_3,daccordo
576_4,daccordo
576_5,daccordo
576_6,daccordo
576_7,daccordo
576_8,daccordo
576_9,daccordo
577,daccordo
577_0,daccordo
577_1,daccordo
577_2,daccordo
577_3,daccordo
577_4,daccordo
577_5,daccordo
577_6,daccordo
577_7,daccordo
577_8,daccordo
577_9,daccordo
578,daccordo
578_0,daccordo
578_1,daccordo
578_2,daccordo
578_3,daccordo
578_4,daccordo
578_5,daccordo
578_6,daccordo
578_7,daccordo
578_8,daccordo
578_9,daccordo
579,daccordo
579_0,daccordo
579_1,daccordo
579_2,daccordo
579_3,daccordo
579_4,daccordo
579_5,daccordo
579_6,daccordo
579_7,daccordo
579_8,daccordo
579_9,daccordo
580,daccordo
580_0,daccordo
580_1,daccordo
580_2,daccordo
580_3,daccordo
580_4,daccordo
580_5,daccordo
580_6,daccordo
580_7,daccordo
580_8,daccordo
580_9,daccordo
581,daccordo
581_0,daccordo
581_1,daccordo
581_2,daccordo
581_3,daccordo
581_4,daccordo
581_5,daccordo
581_6,daccordo
581_7,daccordo
581_8,daccordo
581_9,daccordo
582,daccordo
582_0,daccordo
582_1,daccordo
582_2,daccordo
582_3,daccordo
582_4,daccordo
582_5,daccordo
582_6,daccordo
582_7,daccordo
582_8,daccordo
582_9,daccordo
583,daccordo
583_0,daccordo
583_1,daccordo
583_2,daccordo
583_3,daccordo
583_4,daccordo
583_5,daccordo
583_6,daccordo
583_7,daccordo
583_8,daccordo
583_9,daccordo
584,daccordo
584_0,daccordo
584_1,daccordo
584_2,daccordo
584_3,daccordo
584_4,daccordo
584_5,daccordo
584_6,daccordo
584_7,daccordo
584_8,daccordo
584_9,daccordo
585,daccordo
585_0,daccordo
585_1,daccordo
585_2,daccordo
585_3,daccordo
585_4,daccordo
585_5,daccordo
585_6,daccordo
585_7,daccordo
585_8,daccordo
585_9,daccordo
586,daccordo
586_0,daccordo
586_1,daccordo
586_2,daccordo
586_3,daccordo
586_4,daccordo
586_5,daccordo
586_6,daccordo
586_7,daccordo
586_8,daccordo
586_9,daccordo
587,daccordo
587_0,daccordo
587_1,daccordo
587_2,daccordo
587_3,daccordo
587_4,daccordo
587_5,daccordo
587_6,daccordo
587_7,daccordo
587_8,daccordo
587_9,daccordo
588,daccordo
588_0,daccordo
588_1,daccordo
588_2,daccordo
588_3,daccordo
588_4,daccordo
588_5,daccordo
588_6,daccordo
588_7,daccordo
588_8,daccordo
588_9,daccordo
589,daccordo
589_0,daccordo
589_1,daccordo
589_2,daccordo
589_3,daccordo
589_4,daccordo
589_5,daccordo
589_6,daccordo
589_7,daccordo
589_8,daccordo
589_9,daccordo